-- phpMyAdmin SQL Dump
-- version 4.0.4.2
-- http://www.phpmyadmin.net
--
-- Servidor: localhost
-- Tiempo de generación: 24-07-2018 a las 17:14:24
-- Versión del servidor: 5.6.13
-- Versión de PHP: 5.4.17

SET SQL_MODE = "NO_AUTO_VALUE_ON_ZERO";
SET time_zone = "+00:00";


/*!40101 SET @OLD_CHARACTER_SET_CLIENT=@@CHARACTER_SET_CLIENT */;
/*!40101 SET @OLD_CHARACTER_SET_RESULTS=@@CHARACTER_SET_RESULTS */;
/*!40101 SET @OLD_COLLATION_CONNECTION=@@COLLATION_CONNECTION */;
/*!40101 SET NAMES utf8 */;

--
-- Base de datos: `horarios`
--
CREATE DATABASE IF NOT EXISTS `horarios` DEFAULT CHARACTER SET latin1 COLLATE latin1_swedish_ci;
USE `horarios`;

-- --------------------------------------------------------

--
-- Estructura de tabla para la tabla `asignatura`
--

CREATE TABLE IF NOT EXISTS `asignatura` (
  `cod_asignatura` varchar(13) NOT NULL,
  `nom_asignatura` varchar(75) DEFAULT NULL,
  `creditos` int(2) DEFAULT NULL,
  `cod_programa` varchar(10) NOT NULL,
  PRIMARY KEY (`cod_asignatura`,`cod_programa`),
  KEY `fk_asignatura_programa1_idx` (`cod_programa`)
) ENGINE=InnoDB DEFAULT CHARSET=latin1;

--
-- Volcado de datos para la tabla `asignatura`
--

INSERT INTO `asignatura` (`cod_asignatura`, `nom_asignatura`, `creditos`, `cod_programa`) VALUES
('Bienestar', 'Bienestar', 1, 'ISF'),
('DER1120 ', 'Legislacion Informatica Y De Software ', 1, 'ISF'),
('Disponible', 'Disponible', 0, 'ISF'),
('Festivo', 'Festivo', 0, 'ISF'),
('HUMA1255 ', 'Humanidades Emprendimiento Relacionamiento E Innovacion', 1, 'ISF'),
('IDIO0001', 'Ingles', 2, 'ISF'),
('MARK1110 ', 'Investigacion De Mercados ', 1, 'ISF'),
('MATE2015 ', 'Probabilidades Y Muestreo ', 1, 'ISF'),
('MATE2040 ', 'Ecuaciones Diferenciales', 1, 'ISF'),
('SOFT1040 ', 'Lenguajes De Programacion ', 1, 'ISF'),
('SOFT1045 ', 'Ingenieria De Requerimientos', 1, 'ISF'),
('SOFT1056 ', 'Programacion Orientada A Objetos ', 2, 'ISF'),
('SOFT1065 ', 'Estructura De Datos', 1, 'ISF'),
('SOFT1070 ', 'Sistemas Operativos', 1, 'ISF'),
('SOFT1075 ', 'Motores De Desarrollo', 1, 'ISF');

-- --------------------------------------------------------

--
-- Estructura de tabla para la tabla `bloque`
--

CREATE TABLE IF NOT EXISTS `bloque` (
  `cod_bloque` int(2) NOT NULL,
  `hora` varchar(20) DEFAULT NULL,
  PRIMARY KEY (`cod_bloque`)
) ENGINE=InnoDB DEFAULT CHARSET=latin1;

--
-- Volcado de datos para la tabla `bloque`
--

INSERT INTO `bloque` (`cod_bloque`, `hora`) VALUES
(1, '7:00 - 7:45'),
(2, '7:45 - 8:30'),
(3, '8:50 - 9:35'),
(4, '9:35 - 10:20'),
(5, '10:30 -11:15'),
(6, '11:15 -12:00'),
(7, '13:00 - 13:45'),
(8, '13:45 - 14:30'),
(9, '14:45 - 15:30'),
(10, '15:30 - 16:15'),
(11, '16:15 - 17:00'),
(12, '17:00- 17:45'),
(13, '17:45 - 18:30');

-- --------------------------------------------------------

--
-- Estructura de tabla para la tabla `horario`
--

CREATE TABLE IF NOT EXISTS `horario` (
  `cod_horario` int(11) NOT NULL AUTO_INCREMENT,
  `cod_docente` int(11) NOT NULL,
  `fecha` date NOT NULL,
  `cod_bloque` int(2) NOT NULL,
  `salon` int(3) DEFAULT NULL,
  `promo` int(3) NOT NULL,
  `cod_asignatura` varchar(13) NOT NULL,
  `cod_programa` varchar(10) NOT NULL,
  PRIMARY KEY (`cod_horario`),
  KEY `fk_horario_bloque1_idx` (`cod_bloque`),
  KEY `fk_horario_docente1_idx` (`cod_docente`),
  KEY `fk_horario_asignatura1_idx` (`cod_asignatura`,`cod_programa`)
) ENGINE=InnoDB  DEFAULT CHARSET=latin1 AUTO_INCREMENT=937 ;

--
-- Volcado de datos para la tabla `horario`
--

INSERT INTO `horario` (`cod_horario`, `cod_docente`, `fecha`, `cod_bloque`, `salon`, `promo`, `cod_asignatura`, `cod_programa`) VALUES
(1, 0, '2018-07-02', 1, 201, 3, 'Festivo', 'ISF'),
(2, 0, '2018-07-02', 2, 201, 3, 'Festivo', 'ISF'),
(3, 0, '2018-07-02', 3, 201, 3, 'Festivo', 'ISF'),
(4, 0, '2018-07-02', 4, 201, 3, 'Festivo', 'ISF'),
(5, 0, '2018-07-02', 5, 201, 3, 'Festivo', 'ISF'),
(6, 0, '2018-07-02', 6, 201, 3, 'Festivo', 'ISF'),
(7, 0, '2018-07-02', 7, 201, 3, 'Festivo', 'ISF'),
(8, 0, '2018-07-02', 8, 201, 3, 'Festivo', 'ISF'),
(9, 0, '2018-07-02', 9, 201, 3, 'Festivo', 'ISF'),
(10, 0, '2018-07-02', 10, 201, 3, 'Festivo', 'ISF'),
(11, 0, '2018-07-02', 11, 201, 3, 'Festivo', 'ISF'),
(12, 0, '2018-07-02', 12, 201, 3, 'Festivo', 'ISF'),
(13, 0, '2018-07-02', 13, 201, 3, 'Festivo', 'ISF'),
(14, 52780171, '2018-07-03', 1, 201, 3, 'SOFT1065 ', 'ISF'),
(15, 52780171, '2018-07-03', 2, 201, 3, 'SOFT1065 ', 'ISF'),
(16, 52780171, '2018-07-03', 3, 201, 3, 'SOFT1065 ', 'ISF'),
(17, 79460550, '2018-07-03', 4, 201, 3, 'MARK1110 ', 'ISF'),
(18, 79460550, '2018-07-03', 5, 201, 3, 'MARK1110 ', 'ISF'),
(19, 79460550, '2018-07-03', 6, 201, 3, 'MARK1110 ', 'ISF'),
(20, 0, '2018-07-03', 7, 201, 3, 'IDIO0001', 'ISF'),
(21, 0, '2018-07-03', 8, 201, 3, 'IDIO0001', 'ISF'),
(22, 0, '2018-07-03', 9, 201, 3, 'IDIO0001', 'ISF'),
(23, 0, '2018-07-03', 10, 201, 3, 'Disponible', 'ISF'),
(24, 0, '2018-07-03', 11, 201, 3, 'Disponible', 'ISF'),
(25, 0, '2018-07-03', 12, 201, 3, 'Disponible', 'ISF'),
(26, 0, '2018-07-03', 13, 201, 3, 'Disponible', 'ISF'),
(27, 1026257764, '2018-07-04', 1, 201, 3, 'SOFT1070 ', 'ISF'),
(28, 1026257764, '2018-07-04', 2, 201, 3, 'SOFT1070 ', 'ISF'),
(29, 1026257764, '2018-07-04', 3, 201, 3, 'SOFT1070 ', 'ISF'),
(30, 1026255076, '2018-07-04', 4, 201, 3, 'SOFT1040 ', 'ISF'),
(31, 1026255076, '2018-07-04', 5, 201, 3, 'SOFT1040 ', 'ISF'),
(32, 1026255076, '2018-07-04', 6, 201, 3, 'SOFT1040 ', 'ISF'),
(33, 0, '2018-07-04', 7, 201, 3, 'Disponible', 'ISF'),
(34, 0, '2018-07-04', 8, 201, 3, 'Disponible', 'ISF'),
(35, 0, '2018-07-04', 9, 201, 3, 'Disponible', 'ISF'),
(36, 0, '2018-07-04', 10, 201, 3, 'SOFT1075 ', 'ISF'),
(37, 0, '2018-07-04', 11, 201, 3, 'SOFT1075 ', 'ISF'),
(38, 0, '2018-07-04', 12, 201, 3, 'SOFT1075 ', 'ISF'),
(39, 0, '2018-07-04', 13, 201, 3, 'Disponible', 'ISF'),
(40, 0, '2018-07-05', 1, 201, 3, 'SOFT1056 ', 'ISF'),
(41, 0, '2018-07-05', 2, 201, 3, 'SOFT1056 ', 'ISF'),
(42, 0, '2018-07-05', 3, 201, 3, 'SOFT1056 ', 'ISF'),
(43, 93358308, '2018-07-05', 4, 201, 3, 'DER1120 ', 'ISF'),
(44, 93358308, '2018-07-05', 5, 201, 3, 'DER1120 ', 'ISF'),
(45, 93358308, '2018-07-05', 6, 201, 3, 'DER1120 ', 'ISF'),
(46, 0, '2018-07-05', 7, 201, 3, 'IDIO0001', 'ISF'),
(47, 0, '2018-07-05', 8, 201, 3, 'IDIO0001', 'ISF'),
(48, 0, '2018-07-05', 9, 201, 3, 'IDIO0001', 'ISF'),
(49, 0, '2018-07-05', 10, 201, 3, 'Disponible', 'ISF'),
(50, 0, '2018-07-05', 11, 201, 3, 'Disponible', 'ISF'),
(51, 0, '2018-07-05', 12, 201, 3, 'Disponible', 'ISF'),
(52, 0, '2018-07-05', 13, 201, 3, 'Disponible', 'ISF'),
(53, 79652946, '2018-07-06', 1, 201, 3, 'HUMA1255 ', 'ISF'),
(54, 79652946, '2018-07-06', 2, 201, 3, 'HUMA1255 ', 'ISF'),
(55, 79652946, '2018-07-06', 3, 201, 3, 'HUMA1255 ', 'ISF'),
(56, 0, '2018-07-06', 4, 201, 3, 'MATE2040 ', 'ISF'),
(57, 0, '2018-07-06', 5, 201, 3, 'MATE2040 ', 'ISF'),
(58, 0, '2018-07-06', 6, 201, 3, 'MATE2040 ', 'ISF'),
(59, 1, '2018-07-06', 7, 201, 3, 'Bienestar', 'ISF'),
(60, 1, '2018-07-06', 8, 201, 3, 'Bienestar', 'ISF'),
(61, 1, '2018-07-06', 9, 201, 3, 'Bienestar', 'ISF'),
(62, 0, '2018-07-06', 10, 201, 3, 'Disponible', 'ISF'),
(63, 0, '2018-07-06', 11, 201, 3, 'Disponible', 'ISF'),
(64, 0, '2018-07-06', 12, 201, 3, 'Disponible', 'ISF'),
(65, 0, '2018-07-06', 13, 201, 3, 'Disponible', 'ISF'),
(66, 0, '2018-07-07', 1, 201, 3, 'Disponible', 'ISF'),
(67, 0, '2018-07-07', 2, 201, 3, 'Disponible', 'ISF'),
(68, 0, '2018-07-07', 3, 201, 3, 'Disponible', 'ISF'),
(69, 0, '2018-07-07', 4, 201, 3, 'Disponible', 'ISF'),
(70, 0, '2018-07-07', 5, 201, 3, 'Disponible', 'ISF'),
(71, 0, '2018-07-07', 6, 201, 3, 'Disponible', 'ISF'),
(72, 0, '2018-07-07', 7, 201, 3, 'Disponible', 'ISF'),
(73, 0, '2018-07-07', 8, 201, 3, 'Disponible', 'ISF'),
(74, 0, '2018-07-07', 9, 201, 3, 'Disponible', 'ISF'),
(75, 0, '2018-07-07', 10, 201, 3, 'Disponible', 'ISF'),
(76, 0, '2018-07-07', 11, 201, 3, 'Disponible', 'ISF'),
(77, 0, '2018-07-07', 12, 201, 3, 'Disponible', 'ISF'),
(78, 0, '2018-07-07', 13, 201, 3, 'Disponible', 'ISF'),
(79, 0, '2018-07-09', 1, 201, 3, 'Disponible', 'ISF'),
(80, 0, '2018-07-09', 2, 201, 3, 'Disponible', 'ISF'),
(81, 0, '2018-07-09', 3, 201, 3, 'Disponible', 'ISF'),
(82, 0, '2018-07-09', 4, 201, 3, 'IDIO0001', 'ISF'),
(83, 0, '2018-07-09', 5, 201, 3, 'IDIO0001', 'ISF'),
(84, 0, '2018-07-09', 6, 201, 3, 'IDIO0001', 'ISF'),
(85, 0, '2018-07-09', 7, 201, 3, 'IDIO0001', 'ISF'),
(86, 0, '2018-07-09', 8, 201, 3, 'IDIO0001', 'ISF'),
(87, 0, '2018-07-09', 9, 201, 3, 'IDIO0001', 'ISF'),
(88, 0, '2018-07-09', 10, 201, 3, 'SOFT1056 ', 'ISF'),
(89, 0, '2018-07-09', 11, 201, 3, 'SOFT1056 ', 'ISF'),
(90, 0, '2018-07-09', 12, 201, 3, 'SOFT1056 ', 'ISF'),
(91, 0, '2018-07-09', 13, 201, 3, 'Disponible', 'ISF'),
(92, 52780171, '2018-07-10', 1, 201, 3, 'SOFT1065 ', 'ISF'),
(93, 52780171, '2018-07-10', 2, 201, 3, 'SOFT1065 ', 'ISF'),
(94, 52780171, '2018-07-10', 3, 201, 3, 'SOFT1065 ', 'ISF'),
(95, 79460550, '2018-07-10', 4, 201, 3, 'MARK1110 ', 'ISF'),
(96, 79460550, '2018-07-10', 5, 201, 3, 'MARK1110 ', 'ISF'),
(97, 79460550, '2018-07-10', 6, 201, 3, 'MARK1110 ', 'ISF'),
(98, 0, '2018-07-10', 7, 201, 3, 'Disponible', 'ISF'),
(99, 0, '2018-07-10', 8, 201, 3, 'Disponible', 'ISF'),
(100, 0, '2018-07-10', 9, 201, 3, 'Disponible', 'ISF'),
(101, 0, '2018-07-10', 10, 201, 3, 'Disponible', 'ISF'),
(102, 0, '2018-07-10', 11, 201, 3, 'Disponible', 'ISF'),
(103, 0, '2018-07-10', 12, 201, 3, 'Disponible', 'ISF'),
(104, 0, '2018-07-10', 13, 201, 3, 'Disponible', 'ISF'),
(105, 1026257764, '2018-07-11', 1, 201, 3, 'SOFT1070 ', 'ISF'),
(106, 1026257764, '2018-07-11', 2, 201, 3, 'SOFT1070 ', 'ISF'),
(107, 1026257764, '2018-07-11', 3, 201, 3, 'SOFT1070 ', 'ISF'),
(108, 1026255076, '2018-07-11', 4, 201, 3, 'SOFT1040 ', 'ISF'),
(109, 1026255076, '2018-07-11', 5, 201, 3, 'SOFT1040 ', 'ISF'),
(110, 1026255076, '2018-07-11', 6, 201, 3, 'SOFT1040 ', 'ISF'),
(111, 0, '2018-07-11', 7, 201, 3, 'Disponible', 'ISF'),
(112, 0, '2018-07-11', 8, 201, 3, 'Disponible', 'ISF'),
(113, 0, '2018-07-11', 9, 201, 3, 'Disponible', 'ISF'),
(114, 0, '2018-07-11', 10, 201, 3, 'SOFT1075 ', 'ISF'),
(115, 0, '2018-07-11', 11, 201, 3, 'SOFT1075 ', 'ISF'),
(116, 0, '2018-07-11', 12, 201, 3, 'SOFT1075 ', 'ISF'),
(117, 0, '2018-07-11', 13, 201, 3, 'Disponible', 'ISF'),
(118, 0, '2018-07-12', 1, 201, 3, 'SOFT1056 ', 'ISF'),
(119, 0, '2018-07-12', 2, 201, 3, 'SOFT1056 ', 'ISF'),
(120, 0, '2018-07-12', 3, 201, 3, 'SOFT1056 ', 'ISF'),
(121, 93358308, '2018-07-12', 4, 201, 3, 'DER1120 ', 'ISF'),
(122, 93358308, '2018-07-12', 5, 201, 3, 'DER1120 ', 'ISF'),
(123, 93358308, '2018-07-12', 6, 201, 3, 'DER1120 ', 'ISF'),
(124, 0, '2018-07-12', 7, 201, 3, 'IDIO0001', 'ISF'),
(125, 0, '2018-07-12', 8, 201, 3, 'IDIO0001', 'ISF'),
(126, 0, '2018-07-12', 9, 201, 3, 'IDIO0001', 'ISF'),
(127, 0, '2018-07-12', 10, 201, 3, 'Disponible', 'ISF'),
(128, 0, '2018-07-12', 11, 201, 3, 'Disponible', 'ISF'),
(129, 0, '2018-07-12', 12, 201, 3, 'Disponible', 'ISF'),
(130, 0, '2018-07-12', 13, 201, 3, 'Disponible', 'ISF'),
(131, 79652946, '2018-07-13', 1, 201, 3, 'HUMA1255 ', 'ISF'),
(132, 79652946, '2018-07-13', 2, 201, 3, 'HUMA1255 ', 'ISF'),
(133, 79652946, '2018-07-13', 3, 201, 3, 'HUMA1255 ', 'ISF'),
(134, 0, '2018-07-13', 4, 201, 3, 'MATE2040 ', 'ISF'),
(135, 0, '2018-07-13', 5, 201, 3, 'MATE2040 ', 'ISF'),
(136, 0, '2018-07-13', 6, 201, 3, 'MATE2040 ', 'ISF'),
(137, 1, '2018-07-13', 7, 201, 3, 'Bienestar', 'ISF'),
(138, 1, '2018-07-13', 8, 201, 3, 'Bienestar', 'ISF'),
(139, 1, '2018-07-13', 9, 201, 3, 'Bienestar', 'ISF'),
(140, 0, '2018-07-13', 10, 201, 3, 'Disponible', 'ISF'),
(141, 0, '2018-07-13', 11, 201, 3, 'Disponible', 'ISF'),
(142, 0, '2018-07-13', 12, 201, 3, 'Disponible', 'ISF'),
(143, 0, '2018-07-13', 13, 201, 3, 'Disponible', 'ISF'),
(144, 0, '2018-07-14', 1, 201, 3, 'Disponible', 'ISF'),
(145, 0, '2018-07-14', 2, 201, 3, 'Disponible', 'ISF'),
(146, 0, '2018-07-14', 3, 201, 3, 'Disponible', 'ISF'),
(147, 0, '2018-07-14', 4, 201, 3, 'Disponible', 'ISF'),
(148, 0, '2018-07-14', 5, 201, 3, 'Disponible', 'ISF'),
(149, 0, '2018-07-14', 6, 201, 3, 'Disponible', 'ISF'),
(150, 0, '2018-07-14', 7, 201, 3, 'Disponible', 'ISF'),
(151, 0, '2018-07-14', 8, 201, 3, 'Disponible', 'ISF'),
(152, 0, '2018-07-14', 9, 201, 3, 'Disponible', 'ISF'),
(153, 0, '2018-07-14', 10, 201, 3, 'Disponible', 'ISF'),
(154, 0, '2018-07-14', 11, 201, 3, 'Disponible', 'ISF'),
(155, 0, '2018-07-14', 12, 201, 3, 'Disponible', 'ISF'),
(156, 0, '2018-07-14', 13, 201, 3, 'Disponible', 'ISF'),
(157, 0, '2018-07-16', 1, 201, 3, 'Disponible', 'ISF'),
(158, 0, '2018-07-16', 2, 201, 3, 'Disponible', 'ISF'),
(159, 0, '2018-07-16', 3, 201, 3, 'Disponible', 'ISF'),
(160, 52821520, '2018-07-16', 4, 201, 3, 'MATE2015 ', 'ISF'),
(161, 52821520, '2018-07-16', 5, 201, 3, 'MATE2015 ', 'ISF'),
(162, 52821520, '2018-07-16', 6, 201, 3, 'MATE2015 ', 'ISF'),
(163, 0, '2018-07-16', 7, 201, 3, 'IDIO0001', 'ISF'),
(164, 0, '2018-07-16', 8, 201, 3, 'IDIO0001', 'ISF'),
(165, 0, '2018-07-16', 9, 201, 3, 'IDIO0001', 'ISF'),
(166, 0, '2018-07-16', 10, 201, 3, 'SOFT1056 ', 'ISF'),
(167, 0, '2018-07-16', 11, 201, 3, 'SOFT1056 ', 'ISF'),
(168, 0, '2018-07-16', 12, 201, 3, 'SOFT1056 ', 'ISF'),
(169, 0, '2018-07-16', 13, 201, 3, 'Disponible', 'ISF'),
(170, 52780171, '2018-07-17', 1, 201, 3, 'SOFT1065 ', 'ISF'),
(171, 52780171, '2018-07-17', 2, 201, 3, 'SOFT1065 ', 'ISF'),
(172, 52780171, '2018-07-17', 3, 201, 3, 'SOFT1065 ', 'ISF'),
(173, 79460550, '2018-07-17', 4, 201, 3, 'MARK1110 ', 'ISF'),
(174, 79460550, '2018-07-17', 5, 201, 3, 'MARK1110 ', 'ISF'),
(175, 79460550, '2018-07-17', 6, 201, 3, 'MARK1110 ', 'ISF'),
(176, 0, '2018-07-17', 7, 201, 3, 'Disponible', 'ISF'),
(177, 0, '2018-07-17', 8, 201, 3, 'Disponible', 'ISF'),
(178, 0, '2018-07-17', 9, 201, 3, 'Disponible', 'ISF'),
(179, 0, '2018-07-17', 10, 201, 3, 'Disponible', 'ISF'),
(180, 0, '2018-07-17', 11, 201, 3, 'Disponible', 'ISF'),
(181, 0, '2018-07-17', 12, 201, 3, 'Disponible', 'ISF'),
(182, 0, '2018-07-17', 13, 201, 3, 'Disponible', 'ISF'),
(183, 1026257764, '2018-07-18', 1, 201, 3, 'SOFT1070 ', 'ISF'),
(184, 1026257764, '2018-07-18', 2, 201, 3, 'SOFT1070 ', 'ISF'),
(185, 1026257764, '2018-07-18', 3, 201, 3, 'SOFT1070 ', 'ISF'),
(186, 1026255076, '2018-07-18', 4, 201, 3, 'SOFT1040 ', 'ISF'),
(187, 1026255076, '2018-07-18', 5, 201, 3, 'SOFT1040 ', 'ISF'),
(188, 1026255076, '2018-07-18', 6, 201, 3, 'SOFT1040 ', 'ISF'),
(189, 0, '2018-07-18', 7, 201, 3, 'Disponible', 'ISF'),
(190, 0, '2018-07-18', 8, 201, 3, 'Disponible', 'ISF'),
(191, 0, '2018-07-18', 9, 201, 3, 'Disponible', 'ISF'),
(192, 0, '2018-07-18', 10, 201, 3, 'SOFT1075 ', 'ISF'),
(193, 0, '2018-07-18', 11, 201, 3, 'SOFT1075 ', 'ISF'),
(194, 0, '2018-07-18', 12, 201, 3, 'SOFT1075 ', 'ISF'),
(195, 0, '2018-07-18', 13, 201, 3, 'Disponible', 'ISF'),
(196, 0, '2018-07-19', 1, 201, 3, 'SOFT1056 ', 'ISF'),
(197, 0, '2018-07-19', 2, 201, 3, 'SOFT1056 ', 'ISF'),
(198, 0, '2018-07-19', 3, 201, 3, 'SOFT1056 ', 'ISF'),
(199, 93358308, '2018-07-19', 4, 201, 3, 'DER1120 ', 'ISF'),
(200, 93358308, '2018-07-19', 5, 201, 3, 'DER1120 ', 'ISF'),
(201, 93358308, '2018-07-19', 6, 201, 3, 'DER1120 ', 'ISF'),
(202, 0, '2018-07-19', 7, 201, 3, 'IDIO0001', 'ISF'),
(203, 0, '2018-07-19', 8, 201, 3, 'IDIO0001', 'ISF'),
(204, 0, '2018-07-19', 9, 201, 3, 'IDIO0001', 'ISF'),
(205, 0, '2018-07-19', 10, 201, 3, 'Disponible', 'ISF'),
(206, 0, '2018-07-19', 11, 201, 3, 'Disponible', 'ISF'),
(207, 0, '2018-07-19', 12, 201, 3, 'Disponible', 'ISF'),
(208, 0, '2018-07-19', 13, 201, 3, 'Disponible', 'ISF'),
(209, 0, '2018-07-20', 1, 201, 3, 'Festivo', 'ISF'),
(210, 0, '2018-07-20', 2, 201, 3, 'Festivo', 'ISF'),
(211, 0, '2018-07-20', 3, 201, 3, 'Festivo', 'ISF'),
(212, 0, '2018-07-20', 4, 201, 3, 'Festivo', 'ISF'),
(213, 0, '2018-07-20', 5, 201, 3, 'Festivo', 'ISF'),
(214, 0, '2018-07-20', 6, 201, 3, 'Festivo', 'ISF'),
(215, 0, '2018-07-20', 7, 201, 3, 'Festivo', 'ISF'),
(216, 0, '2018-07-20', 8, 201, 3, 'Festivo', 'ISF'),
(217, 0, '2018-07-20', 9, 201, 3, 'Festivo', 'ISF'),
(218, 0, '2018-07-20', 10, 201, 3, 'Festivo', 'ISF'),
(219, 0, '2018-07-20', 11, 201, 3, 'Festivo', 'ISF'),
(220, 0, '2018-07-20', 12, 201, 3, 'Festivo', 'ISF'),
(221, 0, '2018-07-20', 13, 201, 3, 'Festivo', 'ISF'),
(222, 0, '2018-07-21', 1, 201, 3, 'Disponible', 'ISF'),
(223, 0, '2018-07-21', 2, 201, 3, 'Disponible', 'ISF'),
(224, 0, '2018-07-21', 3, 201, 3, 'Disponible', 'ISF'),
(225, 0, '2018-07-21', 4, 201, 3, 'Disponible', 'ISF'),
(226, 0, '2018-07-21', 5, 201, 3, 'Disponible', 'ISF'),
(227, 0, '2018-07-21', 6, 201, 3, 'Disponible', 'ISF'),
(228, 0, '2018-07-21', 7, 201, 3, 'Disponible', 'ISF'),
(229, 0, '2018-07-21', 8, 201, 3, 'Disponible', 'ISF'),
(230, 0, '2018-07-21', 9, 201, 3, 'Disponible', 'ISF'),
(231, 0, '2018-07-21', 10, 201, 3, 'Disponible', 'ISF'),
(232, 0, '2018-07-21', 11, 201, 3, 'Disponible', 'ISF'),
(233, 0, '2018-07-21', 12, 201, 3, 'Disponible', 'ISF'),
(234, 0, '2018-07-21', 13, 201, 3, 'Disponible', 'ISF'),
(235, 0, '2018-07-23', 1, 201, 3, 'Disponible', 'ISF'),
(236, 0, '2018-07-23', 2, 201, 3, 'Disponible', 'ISF'),
(237, 0, '2018-07-23', 3, 201, 3, 'Disponible', 'ISF'),
(238, 52821520, '2018-07-23', 4, 201, 3, 'MATE2015 ', 'ISF'),
(239, 52821520, '2018-07-23', 5, 201, 3, 'MATE2015 ', 'ISF'),
(240, 52821520, '2018-07-23', 6, 201, 3, 'MATE2015 ', 'ISF'),
(241, 0, '2018-07-23', 7, 201, 3, 'IDIO0001', 'ISF'),
(242, 0, '2018-07-23', 8, 201, 3, 'IDIO0001', 'ISF'),
(243, 0, '2018-07-23', 9, 201, 3, 'IDIO0001', 'ISF'),
(244, 0, '2018-07-23', 10, 201, 3, 'SOFT1056 ', 'ISF'),
(245, 0, '2018-07-23', 11, 201, 3, 'SOFT1056 ', 'ISF'),
(246, 0, '2018-07-23', 12, 201, 3, 'SOFT1056 ', 'ISF'),
(247, 0, '2018-07-23', 13, 201, 3, 'Disponible', 'ISF'),
(248, 52780171, '2018-07-24', 1, 201, 3, 'SOFT1065 ', 'ISF'),
(249, 52780171, '2018-07-24', 2, 201, 3, 'SOFT1065 ', 'ISF'),
(250, 52780171, '2018-07-24', 3, 201, 3, 'SOFT1065 ', 'ISF'),
(251, 79460550, '2018-07-24', 4, 201, 3, 'MARK1110 ', 'ISF'),
(252, 79460550, '2018-07-24', 5, 201, 3, 'MARK1110 ', 'ISF'),
(253, 79460550, '2018-07-24', 6, 201, 3, 'MARK1110 ', 'ISF'),
(254, 0, '2018-07-24', 7, 201, 3, 'MATE2040 ', 'ISF'),
(255, 0, '2018-07-24', 8, 201, 3, 'MATE2040 ', 'ISF'),
(256, 0, '2018-07-24', 9, 201, 3, 'MATE2040 ', 'ISF'),
(257, 0, '2018-07-24', 10, 201, 3, 'Disponible', 'ISF'),
(258, 0, '2018-07-24', 11, 201, 3, 'Disponible', 'ISF'),
(259, 0, '2018-07-24', 12, 201, 3, 'Disponible', 'ISF'),
(260, 0, '2018-07-24', 13, 201, 3, 'Disponible', 'ISF'),
(261, 1026257764, '2018-07-25', 1, 201, 3, 'SOFT1070 ', 'ISF'),
(262, 1026257764, '2018-07-25', 2, 201, 3, 'SOFT1070 ', 'ISF'),
(263, 1026257764, '2018-07-25', 3, 201, 3, 'SOFT1070 ', 'ISF'),
(264, 1026255076, '2018-07-25', 4, 201, 3, 'SOFT1040 ', 'ISF'),
(265, 1026255076, '2018-07-25', 5, 201, 3, 'SOFT1040 ', 'ISF'),
(266, 1026255076, '2018-07-25', 6, 201, 3, 'SOFT1040 ', 'ISF'),
(267, 0, '2018-07-25', 7, 201, 3, 'Disponible', 'ISF'),
(268, 0, '2018-07-25', 8, 201, 3, 'Disponible', 'ISF'),
(269, 0, '2018-07-25', 9, 201, 3, 'Disponible', 'ISF'),
(270, 0, '2018-07-25', 10, 201, 3, 'SOFT1075 ', 'ISF'),
(271, 0, '2018-07-25', 11, 201, 3, 'SOFT1075 ', 'ISF'),
(272, 0, '2018-07-25', 12, 201, 3, 'SOFT1075 ', 'ISF'),
(273, 0, '2018-07-25', 13, 201, 3, 'Disponible', 'ISF'),
(274, 0, '2018-07-26', 1, 201, 3, 'SOFT1056 ', 'ISF'),
(275, 0, '2018-07-26', 2, 201, 3, 'SOFT1056 ', 'ISF'),
(276, 0, '2018-07-26', 3, 201, 3, 'SOFT1056 ', 'ISF'),
(277, 93358308, '2018-07-26', 4, 201, 3, 'DER1120 ', 'ISF'),
(278, 93358308, '2018-07-26', 5, 201, 3, 'DER1120 ', 'ISF'),
(279, 93358308, '2018-07-26', 6, 201, 3, 'DER1120 ', 'ISF'),
(280, 0, '2018-07-26', 7, 201, 3, 'IDIO0001', 'ISF'),
(281, 0, '2018-07-26', 8, 201, 3, 'IDIO0001', 'ISF'),
(282, 0, '2018-07-26', 9, 201, 3, 'IDIO0001', 'ISF'),
(283, 0, '2018-07-26', 10, 201, 3, 'Disponible', 'ISF'),
(284, 0, '2018-07-26', 11, 201, 3, 'Disponible', 'ISF'),
(285, 0, '2018-07-26', 12, 201, 3, 'Disponible', 'ISF'),
(286, 0, '2018-07-26', 13, 201, 3, 'Disponible', 'ISF'),
(287, 79652946, '2018-07-27', 1, 201, 3, 'HUMA1255 ', 'ISF'),
(288, 79652946, '2018-07-27', 2, 201, 3, 'HUMA1255 ', 'ISF'),
(289, 79652946, '2018-07-27', 3, 201, 3, 'HUMA1255 ', 'ISF'),
(290, 0, '2018-07-27', 4, 201, 3, 'MATE2040 ', 'ISF'),
(291, 0, '2018-07-27', 5, 201, 3, 'MATE2040 ', 'ISF'),
(292, 0, '2018-07-27', 6, 201, 3, 'MATE2040 ', 'ISF'),
(293, 1, '2018-07-27', 7, 201, 3, 'Bienestar', 'ISF'),
(294, 1, '2018-07-27', 8, 201, 3, 'Bienestar', 'ISF'),
(295, 1, '2018-07-27', 9, 201, 3, 'Bienestar', 'ISF'),
(296, 0, '2018-07-27', 10, 201, 3, 'Disponible', 'ISF'),
(297, 0, '2018-07-27', 11, 201, 3, 'Disponible', 'ISF'),
(298, 0, '2018-07-27', 12, 201, 3, 'Disponible', 'ISF'),
(299, 0, '2018-07-27', 13, 201, 3, 'Disponible', 'ISF'),
(300, 0, '2018-07-28', 1, 201, 3, 'Disponible', 'ISF'),
(301, 0, '2018-07-28', 2, 201, 3, 'Disponible', 'ISF'),
(302, 0, '2018-07-28', 3, 201, 3, 'Disponible', 'ISF'),
(303, 0, '2018-07-28', 4, 201, 3, 'Disponible', 'ISF'),
(304, 0, '2018-07-28', 5, 201, 3, 'Disponible', 'ISF'),
(305, 0, '2018-07-28', 6, 201, 3, 'Disponible', 'ISF'),
(306, 0, '2018-07-28', 7, 201, 3, 'Disponible', 'ISF'),
(307, 0, '2018-07-28', 8, 201, 3, 'Disponible', 'ISF'),
(308, 0, '2018-07-28', 9, 201, 3, 'Disponible', 'ISF'),
(309, 0, '2018-07-28', 10, 201, 3, 'Disponible', 'ISF'),
(310, 0, '2018-07-28', 11, 201, 3, 'Disponible', 'ISF'),
(311, 0, '2018-07-28', 12, 201, 3, 'Disponible', 'ISF'),
(312, 0, '2018-07-28', 13, 201, 3, 'Disponible', 'ISF'),
(313, 0, '2018-07-30', 1, 201, 3, 'Disponible', 'ISF'),
(314, 0, '2018-07-30', 2, 201, 3, 'Disponible', 'ISF'),
(315, 0, '2018-07-30', 3, 201, 3, 'Disponible', 'ISF'),
(316, 52821520, '2018-07-30', 4, 201, 3, 'MATE2015 ', 'ISF'),
(317, 52821520, '2018-07-30', 5, 201, 3, 'MATE2015 ', 'ISF'),
(318, 52821520, '2018-07-30', 6, 201, 3, 'MATE2015 ', 'ISF'),
(319, 0, '2018-07-30', 7, 201, 3, 'Disponible', 'ISF'),
(320, 0, '2018-07-30', 8, 201, 3, 'Disponible', 'ISF'),
(321, 0, '2018-07-30', 9, 201, 3, 'Disponible', 'ISF'),
(322, 0, '2018-07-30', 10, 201, 3, 'Disponible', 'ISF'),
(323, 0, '2018-07-30', 11, 201, 3, 'Disponible', 'ISF'),
(324, 0, '2018-07-30', 12, 201, 3, 'Disponible', 'ISF'),
(325, 0, '2018-07-30', 13, 201, 3, 'Disponible', 'ISF'),
(326, 52780171, '2018-07-31', 1, 201, 3, 'SOFT1065 ', 'ISF'),
(327, 52780171, '2018-07-31', 2, 201, 3, 'SOFT1065 ', 'ISF'),
(328, 52780171, '2018-07-31', 3, 201, 3, 'SOFT1065 ', 'ISF'),
(329, 79460550, '2018-07-31', 4, 201, 3, 'MARK1110 ', 'ISF'),
(330, 79460550, '2018-07-31', 5, 201, 3, 'MARK1110 ', 'ISF'),
(331, 79460550, '2018-07-31', 6, 201, 3, 'MARK1110 ', 'ISF'),
(332, 0, '2018-07-31', 7, 201, 3, 'IDIO0001', 'ISF'),
(333, 0, '2018-07-31', 8, 201, 3, 'IDIO0001', 'ISF'),
(334, 0, '2018-07-31', 9, 201, 3, 'IDIO0001', 'ISF'),
(335, 0, '2018-07-31', 10, 201, 3, 'Disponible', 'ISF'),
(336, 0, '2018-07-31', 11, 201, 3, 'Disponible', 'ISF'),
(337, 0, '2018-07-31', 12, 201, 3, 'Disponible', 'ISF'),
(338, 0, '2018-07-31', 13, 201, 3, 'Disponible', 'ISF'),
(339, 1026257764, '2018-08-01', 1, 201, 3, 'SOFT1070 ', 'ISF'),
(340, 1026257764, '2018-08-01', 2, 201, 3, 'SOFT1070 ', 'ISF'),
(341, 1026257764, '2018-08-01', 3, 201, 3, 'SOFT1070 ', 'ISF'),
(342, 1026255076, '2018-08-01', 4, 201, 3, 'SOFT1040 ', 'ISF'),
(343, 1026255076, '2018-08-01', 5, 201, 3, 'SOFT1040 ', 'ISF'),
(344, 1026255076, '2018-08-01', 6, 201, 3, 'SOFT1040 ', 'ISF'),
(345, 0, '2018-08-01', 7, 201, 3, 'Disponible', 'ISF'),
(346, 0, '2018-08-01', 8, 201, 3, 'Disponible', 'ISF'),
(347, 0, '2018-08-01', 9, 201, 3, 'Disponible', 'ISF'),
(348, 0, '2018-08-01', 10, 201, 3, 'Disponible', 'ISF'),
(349, 0, '2018-08-01', 11, 201, 3, 'Disponible', 'ISF'),
(350, 0, '2018-08-01', 12, 201, 3, 'Disponible', 'ISF'),
(351, 0, '2018-08-01', 13, 201, 3, 'Disponible', 'ISF'),
(352, 0, '2018-08-02', 1, 201, 3, 'SOFT1056 ', 'ISF'),
(353, 0, '2018-08-02', 2, 201, 3, 'SOFT1056 ', 'ISF'),
(354, 0, '2018-08-02', 3, 201, 3, 'SOFT1056 ', 'ISF'),
(355, 93358308, '2018-08-02', 4, 201, 3, 'DER1120 ', 'ISF'),
(356, 93358308, '2018-08-02', 5, 201, 3, 'DER1120 ', 'ISF'),
(357, 93358308, '2018-08-02', 6, 201, 3, 'DER1120 ', 'ISF'),
(358, 0, '2018-08-02', 7, 201, 3, 'Disponible', 'ISF'),
(359, 0, '2018-08-02', 8, 201, 3, 'Disponible', 'ISF'),
(360, 0, '2018-08-02', 9, 201, 3, 'Disponible', 'ISF'),
(361, 0, '2018-08-02', 10, 201, 3, 'Disponible', 'ISF'),
(362, 0, '2018-08-02', 11, 201, 3, 'Disponible', 'ISF'),
(363, 0, '2018-08-02', 12, 201, 3, 'Disponible', 'ISF'),
(364, 0, '2018-08-02', 13, 201, 3, 'Disponible', 'ISF'),
(365, 79652946, '2018-08-03', 1, 201, 3, 'HUMA1255 ', 'ISF'),
(366, 79652946, '2018-08-03', 2, 201, 3, 'HUMA1255 ', 'ISF'),
(367, 79652946, '2018-08-03', 3, 201, 3, 'HUMA1255 ', 'ISF'),
(368, 0, '2018-08-03', 4, 201, 3, 'MATE2040 ', 'ISF'),
(369, 0, '2018-08-03', 5, 201, 3, 'MATE2040 ', 'ISF'),
(370, 0, '2018-08-03', 6, 201, 3, 'MATE2040 ', 'ISF'),
(371, 1, '2018-08-03', 7, 201, 3, 'Bienestar', 'ISF'),
(372, 1, '2018-08-03', 8, 201, 3, 'Bienestar', 'ISF'),
(373, 1, '2018-08-03', 9, 201, 3, 'Bienestar', 'ISF'),
(374, 0, '2018-08-03', 10, 201, 3, 'Disponible', 'ISF'),
(375, 0, '2018-08-03', 11, 201, 3, 'Disponible', 'ISF'),
(376, 0, '2018-08-03', 12, 201, 3, 'Disponible', 'ISF'),
(377, 0, '2018-08-03', 13, 201, 3, 'Disponible', 'ISF'),
(378, 0, '2018-08-04', 1, 201, 3, 'Disponible', 'ISF'),
(379, 0, '2018-08-04', 2, 201, 3, 'Disponible', 'ISF'),
(380, 0, '2018-08-04', 3, 201, 3, 'Disponible', 'ISF'),
(381, 0, '2018-08-04', 4, 201, 3, 'Disponible', 'ISF'),
(382, 0, '2018-08-04', 5, 201, 3, 'Disponible', 'ISF'),
(383, 0, '2018-08-04', 6, 201, 3, 'Disponible', 'ISF'),
(384, 0, '2018-08-04', 7, 201, 3, 'Disponible', 'ISF'),
(385, 0, '2018-08-04', 8, 201, 3, 'Disponible', 'ISF'),
(386, 0, '2018-08-04', 9, 201, 3, 'Disponible', 'ISF'),
(387, 0, '2018-08-04', 10, 201, 3, 'Disponible', 'ISF'),
(388, 0, '2018-08-04', 11, 201, 3, 'Disponible', 'ISF'),
(389, 0, '2018-08-04', 12, 201, 3, 'Disponible', 'ISF'),
(390, 0, '2018-08-04', 13, 201, 3, 'Disponible', 'ISF'),
(391, 0, '2018-08-06', 1, 201, 3, 'Disponible', 'ISF'),
(392, 0, '2018-08-06', 2, 201, 3, 'Disponible', 'ISF'),
(393, 0, '2018-08-06', 3, 201, 3, 'Disponible', 'ISF'),
(394, 52821520, '2018-08-06', 4, 201, 3, 'MATE2015 ', 'ISF'),
(395, 52821520, '2018-08-06', 5, 201, 3, 'MATE2015 ', 'ISF'),
(396, 52821520, '2018-08-06', 6, 201, 3, 'MATE2015 ', 'ISF'),
(397, 0, '2018-08-06', 7, 201, 3, 'IDIO0001', 'ISF'),
(398, 0, '2018-08-06', 8, 201, 3, 'IDIO0001', 'ISF'),
(399, 0, '2018-08-06', 9, 201, 3, 'IDIO0001', 'ISF'),
(400, 0, '2018-08-06', 10, 201, 3, 'SOFT1056 ', 'ISF'),
(401, 0, '2018-08-06', 11, 201, 3, 'SOFT1056 ', 'ISF'),
(402, 0, '2018-08-06', 12, 201, 3, 'SOFT1056 ', 'ISF'),
(403, 0, '2018-08-06', 13, 201, 3, 'Disponible', 'ISF'),
(404, 0, '2018-08-07', 1, 201, 3, 'Festivo', 'ISF'),
(405, 0, '2018-08-07', 2, 201, 3, 'Festivo', 'ISF'),
(406, 0, '2018-08-07', 3, 201, 3, 'Festivo', 'ISF'),
(407, 0, '2018-08-07', 4, 201, 3, 'Festivo', 'ISF'),
(408, 0, '2018-08-07', 5, 201, 3, 'Festivo', 'ISF'),
(409, 0, '2018-08-07', 6, 201, 3, 'Festivo', 'ISF'),
(410, 0, '2018-08-07', 7, 201, 3, 'Festivo', 'ISF'),
(411, 0, '2018-08-07', 8, 201, 3, 'Festivo', 'ISF'),
(412, 0, '2018-08-07', 9, 201, 3, 'Festivo', 'ISF'),
(413, 0, '2018-08-07', 10, 201, 3, 'Festivo', 'ISF'),
(414, 0, '2018-08-07', 11, 201, 3, 'Festivo', 'ISF'),
(415, 0, '2018-08-07', 12, 201, 3, 'Festivo', 'ISF'),
(416, 0, '2018-08-07', 13, 201, 3, 'Festivo', 'ISF'),
(417, 1026257764, '2018-08-08', 1, 201, 3, 'SOFT1070 ', 'ISF'),
(418, 1026257764, '2018-08-08', 2, 201, 3, 'SOFT1070 ', 'ISF'),
(419, 1026257764, '2018-08-08', 3, 201, 3, 'SOFT1070 ', 'ISF'),
(420, 1026255076, '2018-08-08', 4, 201, 3, 'SOFT1040 ', 'ISF'),
(421, 1026255076, '2018-08-08', 5, 201, 3, 'SOFT1040 ', 'ISF'),
(422, 1026255076, '2018-08-08', 6, 201, 3, 'SOFT1040 ', 'ISF'),
(423, 0, '2018-08-08', 7, 201, 3, 'Disponible', 'ISF'),
(424, 0, '2018-08-08', 8, 201, 3, 'Disponible', 'ISF'),
(425, 0, '2018-08-08', 9, 201, 3, 'Disponible', 'ISF'),
(426, 0, '2018-08-08', 10, 201, 3, 'SOFT1075 ', 'ISF'),
(427, 0, '2018-08-08', 11, 201, 3, 'SOFT1075 ', 'ISF'),
(428, 0, '2018-08-08', 12, 201, 3, 'SOFT1075 ', 'ISF'),
(429, 0, '2018-08-08', 13, 201, 3, 'Disponible', 'ISF'),
(430, 0, '2018-08-09', 1, 201, 3, 'SOFT1056 ', 'ISF'),
(431, 0, '2018-08-09', 2, 201, 3, 'SOFT1056 ', 'ISF'),
(432, 0, '2018-08-09', 3, 201, 3, 'SOFT1056 ', 'ISF'),
(433, 93358308, '2018-08-09', 4, 201, 3, 'DER1120 ', 'ISF'),
(434, 93358308, '2018-08-09', 5, 201, 3, 'DER1120 ', 'ISF'),
(435, 93358308, '2018-08-09', 6, 201, 3, 'DER1120 ', 'ISF'),
(436, 0, '2018-08-09', 7, 201, 3, 'IDIO0001', 'ISF'),
(437, 0, '2018-08-09', 8, 201, 3, 'IDIO0001', 'ISF'),
(438, 0, '2018-08-09', 9, 201, 3, 'IDIO0001', 'ISF'),
(439, 0, '2018-08-09', 10, 201, 3, 'Disponible', 'ISF'),
(440, 0, '2018-08-09', 11, 201, 3, 'Disponible', 'ISF'),
(441, 0, '2018-08-09', 12, 201, 3, 'Disponible', 'ISF'),
(442, 0, '2018-08-09', 13, 201, 3, 'Disponible', 'ISF'),
(443, 79652946, '2018-08-10', 1, 201, 3, 'HUMA1255 ', 'ISF'),
(444, 79652946, '2018-08-10', 2, 201, 3, 'HUMA1255 ', 'ISF'),
(445, 79652946, '2018-08-10', 3, 201, 3, 'HUMA1255 ', 'ISF'),
(446, 0, '2018-08-10', 4, 201, 3, 'MATE2040 ', 'ISF'),
(447, 0, '2018-08-10', 5, 201, 3, 'MATE2040 ', 'ISF'),
(448, 0, '2018-08-10', 6, 201, 3, 'MATE2040 ', 'ISF'),
(449, 1, '2018-08-10', 7, 201, 3, 'Bienestar', 'ISF'),
(450, 1, '2018-08-10', 8, 201, 3, 'Bienestar', 'ISF'),
(451, 1, '2018-08-10', 9, 201, 3, 'Bienestar', 'ISF'),
(452, 0, '2018-08-10', 10, 201, 3, 'Disponible', 'ISF'),
(453, 0, '2018-08-10', 11, 201, 3, 'Disponible', 'ISF'),
(454, 0, '2018-08-10', 12, 201, 3, 'Disponible', 'ISF'),
(455, 0, '2018-08-10', 13, 201, 3, 'Disponible', 'ISF'),
(456, 0, '2018-08-11', 1, 201, 3, 'Disponible', 'ISF'),
(457, 0, '2018-08-11', 2, 201, 3, 'Disponible', 'ISF'),
(458, 0, '2018-08-11', 3, 201, 3, 'Disponible', 'ISF'),
(459, 0, '2018-08-11', 4, 201, 3, 'Disponible', 'ISF'),
(460, 0, '2018-08-11', 5, 201, 3, 'Disponible', 'ISF'),
(461, 0, '2018-08-11', 6, 201, 3, 'Disponible', 'ISF'),
(462, 0, '2018-08-11', 7, 201, 3, 'Disponible', 'ISF'),
(463, 0, '2018-08-11', 8, 201, 3, 'Disponible', 'ISF'),
(464, 0, '2018-08-11', 9, 201, 3, 'Disponible', 'ISF'),
(465, 0, '2018-08-11', 10, 201, 3, 'Disponible', 'ISF'),
(466, 0, '2018-08-11', 11, 201, 3, 'Disponible', 'ISF'),
(467, 0, '2018-08-11', 12, 201, 3, 'Disponible', 'ISF'),
(468, 0, '2018-08-11', 13, 201, 3, 'Disponible', 'ISF'),
(469, 0, '2018-08-13', 1, 201, 3, 'Disponible', 'ISF'),
(470, 0, '2018-08-13', 2, 201, 3, 'Disponible', 'ISF'),
(471, 0, '2018-08-13', 3, 201, 3, 'Disponible', 'ISF'),
(472, 52821520, '2018-08-13', 4, 201, 3, 'MATE2015 ', 'ISF'),
(473, 52821520, '2018-08-13', 5, 201, 3, 'MATE2015 ', 'ISF'),
(474, 52821520, '2018-08-13', 6, 201, 3, 'MATE2015 ', 'ISF'),
(475, 0, '2018-08-13', 7, 201, 3, 'IDIO0001', 'ISF'),
(476, 0, '2018-08-13', 8, 201, 3, 'IDIO0001', 'ISF'),
(477, 0, '2018-08-13', 9, 201, 3, 'IDIO0001', 'ISF'),
(478, 0, '2018-08-13', 10, 201, 3, 'SOFT1056 ', 'ISF'),
(479, 0, '2018-08-13', 11, 201, 3, 'SOFT1056 ', 'ISF'),
(480, 0, '2018-08-13', 12, 201, 3, 'SOFT1056 ', 'ISF'),
(481, 0, '2018-08-13', 13, 201, 3, 'Disponible', 'ISF'),
(482, 52780171, '2018-08-14', 1, 201, 3, 'SOFT1065 ', 'ISF'),
(483, 52780171, '2018-08-14', 2, 201, 3, 'SOFT1065 ', 'ISF'),
(484, 52780171, '2018-08-14', 3, 201, 3, 'SOFT1065 ', 'ISF'),
(485, 79460550, '2018-08-14', 4, 201, 3, 'MARK1110 ', 'ISF'),
(486, 79460550, '2018-08-14', 5, 201, 3, 'MARK1110 ', 'ISF'),
(487, 79460550, '2018-08-14', 6, 201, 3, 'MARK1110 ', 'ISF'),
(488, 0, '2018-08-14', 7, 201, 3, 'MATE2040 ', 'ISF'),
(489, 0, '2018-08-14', 8, 201, 3, 'MATE2040 ', 'ISF'),
(490, 0, '2018-08-14', 9, 201, 3, 'MATE2040 ', 'ISF'),
(491, 0, '2018-08-14', 10, 201, 3, 'Disponible', 'ISF'),
(492, 0, '2018-08-14', 11, 201, 3, 'Disponible', 'ISF'),
(493, 0, '2018-08-14', 12, 201, 3, 'Disponible', 'ISF'),
(494, 0, '2018-08-14', 13, 201, 3, 'Disponible', 'ISF'),
(495, 1026257764, '2018-08-15', 1, 201, 3, 'SOFT1070 ', 'ISF'),
(496, 1026257764, '2018-08-15', 2, 201, 3, 'SOFT1070 ', 'ISF'),
(497, 1026257764, '2018-08-15', 3, 201, 3, 'SOFT1070 ', 'ISF'),
(498, 1026255076, '2018-08-15', 4, 201, 3, 'SOFT1040 ', 'ISF'),
(499, 1026255076, '2018-08-15', 5, 201, 3, 'SOFT1040 ', 'ISF'),
(500, 1026255076, '2018-08-15', 6, 201, 3, 'SOFT1040 ', 'ISF'),
(501, 0, '2018-08-15', 7, 201, 3, 'Disponible', 'ISF'),
(502, 0, '2018-08-15', 8, 201, 3, 'Disponible', 'ISF'),
(503, 0, '2018-08-15', 9, 201, 3, 'Disponible', 'ISF'),
(504, 0, '2018-08-15', 10, 201, 3, 'SOFT1075 ', 'ISF'),
(505, 0, '2018-08-15', 11, 201, 3, 'SOFT1075 ', 'ISF'),
(506, 0, '2018-08-15', 12, 201, 3, 'SOFT1075 ', 'ISF'),
(507, 0, '2018-08-15', 13, 201, 3, 'Disponible', 'ISF'),
(508, 0, '2018-08-16', 1, 201, 3, 'SOFT1056 ', 'ISF'),
(509, 0, '2018-08-16', 2, 201, 3, 'SOFT1056 ', 'ISF'),
(510, 0, '2018-08-16', 3, 201, 3, 'SOFT1056 ', 'ISF'),
(511, 93358308, '2018-08-16', 4, 201, 3, 'DER1120 ', 'ISF'),
(512, 93358308, '2018-08-16', 5, 201, 3, 'DER1120 ', 'ISF'),
(513, 93358308, '2018-08-16', 6, 201, 3, 'DER1120 ', 'ISF'),
(514, 0, '2018-08-16', 7, 201, 3, 'IDIO0001', 'ISF'),
(515, 0, '2018-08-16', 8, 201, 3, 'IDIO0001', 'ISF'),
(516, 0, '2018-08-16', 9, 201, 3, 'IDIO0001', 'ISF'),
(517, 0, '2018-08-16', 10, 201, 3, 'Disponible', 'ISF'),
(518, 0, '2018-08-16', 11, 201, 3, 'Disponible', 'ISF'),
(519, 0, '2018-08-16', 12, 201, 3, 'Disponible', 'ISF'),
(520, 0, '2018-08-16', 13, 201, 3, 'Disponible', 'ISF'),
(521, 79652946, '2018-08-17', 1, 201, 3, 'HUMA1255 ', 'ISF'),
(522, 79652946, '2018-08-17', 2, 201, 3, 'HUMA1255 ', 'ISF'),
(523, 79652946, '2018-08-17', 3, 201, 3, 'HUMA1255 ', 'ISF'),
(524, 0, '2018-08-17', 4, 201, 3, 'Disponible', 'ISF'),
(525, 0, '2018-08-17', 5, 201, 3, 'Disponible', 'ISF'),
(526, 0, '2018-08-17', 6, 201, 3, 'Disponible', 'ISF'),
(527, 1, '2018-08-17', 7, 201, 3, 'Bienestar', 'ISF'),
(528, 1, '2018-08-17', 8, 201, 3, 'Bienestar', 'ISF'),
(529, 1, '2018-08-17', 9, 201, 3, 'Bienestar', 'ISF'),
(530, 0, '2018-08-17', 10, 201, 3, 'Disponible', 'ISF'),
(531, 0, '2018-08-17', 11, 201, 3, 'Disponible', 'ISF'),
(532, 0, '2018-08-17', 12, 201, 3, 'Disponible', 'ISF'),
(533, 0, '2018-08-17', 13, 201, 3, 'Disponible', 'ISF'),
(534, 0, '2018-08-18', 1, 201, 3, 'Disponible', 'ISF'),
(535, 0, '2018-08-18', 2, 201, 3, 'Disponible', 'ISF'),
(536, 0, '2018-08-18', 3, 201, 3, 'Disponible', 'ISF'),
(537, 0, '2018-08-18', 4, 201, 3, 'Disponible', 'ISF'),
(538, 0, '2018-08-18', 5, 201, 3, 'Disponible', 'ISF'),
(539, 0, '2018-08-18', 6, 201, 3, 'Disponible', 'ISF'),
(540, 0, '2018-08-18', 7, 201, 3, 'Disponible', 'ISF'),
(541, 0, '2018-08-18', 8, 201, 3, 'Disponible', 'ISF'),
(542, 0, '2018-08-18', 9, 201, 3, 'Disponible', 'ISF'),
(543, 0, '2018-08-18', 10, 201, 3, 'Disponible', 'ISF'),
(544, 0, '2018-08-18', 11, 201, 3, 'Disponible', 'ISF'),
(545, 0, '2018-08-18', 12, 201, 3, 'Disponible', 'ISF'),
(546, 0, '2018-08-18', 13, 201, 3, 'Disponible', 'ISF'),
(547, 0, '2018-08-20', 1, 201, 3, 'Festivo', 'ISF'),
(548, 0, '2018-08-20', 2, 201, 3, 'Festivo', 'ISF'),
(549, 0, '2018-08-20', 3, 201, 3, 'Festivo', 'ISF'),
(550, 0, '2018-08-20', 4, 201, 3, 'Festivo', 'ISF'),
(551, 0, '2018-08-20', 5, 201, 3, 'Festivo', 'ISF'),
(552, 0, '2018-08-20', 6, 201, 3, 'Festivo', 'ISF'),
(553, 0, '2018-08-20', 7, 201, 3, 'Festivo', 'ISF'),
(554, 0, '2018-08-20', 8, 201, 3, 'Festivo', 'ISF'),
(555, 0, '2018-08-20', 9, 201, 3, 'Festivo', 'ISF'),
(556, 0, '2018-08-20', 10, 201, 3, 'Festivo', 'ISF'),
(557, 0, '2018-08-20', 11, 201, 3, 'Festivo', 'ISF'),
(558, 0, '2018-08-20', 12, 201, 3, 'Festivo', 'ISF'),
(559, 0, '2018-08-20', 13, 201, 3, 'Festivo', 'ISF'),
(560, 52780171, '2018-08-21', 1, 201, 3, 'SOFT1065 ', 'ISF'),
(561, 52780171, '2018-08-21', 2, 201, 3, 'SOFT1065 ', 'ISF'),
(562, 52780171, '2018-08-21', 3, 201, 3, 'SOFT1065 ', 'ISF'),
(563, 79460550, '2018-08-21', 4, 201, 3, 'MARK1110 ', 'ISF'),
(564, 79460550, '2018-08-21', 5, 201, 3, 'MARK1110 ', 'ISF'),
(565, 79460550, '2018-08-21', 6, 201, 3, 'MARK1110 ', 'ISF'),
(566, 0, '2018-08-21', 7, 201, 3, 'MATE2040 ', 'ISF'),
(567, 0, '2018-08-21', 8, 201, 3, 'MATE2040 ', 'ISF'),
(568, 0, '2018-08-21', 9, 201, 3, 'MATE2040 ', 'ISF'),
(569, 0, '2018-08-21', 10, 201, 3, 'Disponible', 'ISF'),
(570, 0, '2018-08-21', 11, 201, 3, 'Disponible', 'ISF'),
(571, 0, '2018-08-21', 12, 201, 3, 'Disponible', 'ISF'),
(572, 0, '2018-08-21', 13, 201, 3, 'Disponible', 'ISF'),
(573, 1026257764, '2018-08-22', 1, 201, 3, 'SOFT1070 ', 'ISF'),
(574, 1026257764, '2018-08-22', 2, 201, 3, 'SOFT1070 ', 'ISF'),
(575, 1026257764, '2018-08-22', 3, 201, 3, 'SOFT1070 ', 'ISF'),
(576, 1026255076, '2018-08-22', 4, 201, 3, 'SOFT1040 ', 'ISF'),
(577, 1026255076, '2018-08-22', 5, 201, 3, 'SOFT1040 ', 'ISF'),
(578, 1026255076, '2018-08-22', 6, 201, 3, 'SOFT1040 ', 'ISF'),
(579, 0, '2018-08-22', 7, 201, 3, 'Disponible', 'ISF'),
(580, 0, '2018-08-22', 8, 201, 3, 'Disponible', 'ISF'),
(581, 0, '2018-08-22', 9, 201, 3, 'Disponible', 'ISF'),
(582, 0, '2018-08-22', 10, 201, 3, 'SOFT1075 ', 'ISF'),
(583, 0, '2018-08-22', 11, 201, 3, 'SOFT1075 ', 'ISF'),
(584, 0, '2018-08-22', 12, 201, 3, 'SOFT1075 ', 'ISF'),
(585, 0, '2018-08-22', 13, 201, 3, 'Disponible', 'ISF'),
(586, 0, '2018-08-23', 1, 201, 3, 'SOFT1056 ', 'ISF'),
(587, 0, '2018-08-23', 2, 201, 3, 'SOFT1056 ', 'ISF'),
(588, 0, '2018-08-23', 3, 201, 3, 'SOFT1056 ', 'ISF'),
(589, 93358308, '2018-08-23', 4, 201, 3, 'DER1120 ', 'ISF'),
(590, 93358308, '2018-08-23', 5, 201, 3, 'DER1120 ', 'ISF'),
(591, 93358308, '2018-08-23', 6, 201, 3, 'DER1120 ', 'ISF'),
(592, 0, '2018-08-23', 7, 201, 3, 'IDIO0001', 'ISF'),
(593, 0, '2018-08-23', 8, 201, 3, 'IDIO0001', 'ISF'),
(594, 0, '2018-08-23', 9, 201, 3, 'IDIO0001', 'ISF'),
(595, 0, '2018-08-23', 10, 201, 3, 'Disponible', 'ISF'),
(596, 0, '2018-08-23', 11, 201, 3, 'Disponible', 'ISF'),
(597, 0, '2018-08-23', 12, 201, 3, 'Disponible', 'ISF'),
(598, 0, '2018-08-23', 13, 201, 3, 'Disponible', 'ISF'),
(599, 79652946, '2018-08-24', 1, 201, 3, 'HUMA1255 ', 'ISF'),
(600, 79652946, '2018-08-24', 2, 201, 3, 'HUMA1255 ', 'ISF'),
(601, 79652946, '2018-08-24', 3, 201, 3, 'HUMA1255 ', 'ISF'),
(602, 0, '2018-08-24', 4, 201, 3, 'MATE2040 ', 'ISF'),
(603, 0, '2018-08-24', 5, 201, 3, 'MATE2040 ', 'ISF'),
(604, 0, '2018-08-24', 6, 201, 3, 'MATE2040 ', 'ISF'),
(605, 1, '2018-08-24', 7, 201, 3, 'Bienestar', 'ISF'),
(606, 1, '2018-08-24', 8, 201, 3, 'Bienestar', 'ISF'),
(607, 1, '2018-08-24', 9, 201, 3, 'Bienestar', 'ISF'),
(608, 0, '2018-08-24', 10, 201, 3, 'Disponible', 'ISF'),
(609, 0, '2018-08-24', 11, 201, 3, 'Disponible', 'ISF'),
(610, 0, '2018-08-24', 12, 201, 3, 'Disponible', 'ISF'),
(611, 0, '2018-08-24', 13, 201, 3, 'Disponible', 'ISF'),
(612, 0, '2018-08-25', 1, 201, 3, 'Disponible', 'ISF'),
(613, 0, '2018-08-25', 2, 201, 3, 'Disponible', 'ISF'),
(614, 0, '2018-08-25', 3, 201, 3, 'Disponible', 'ISF'),
(615, 0, '2018-08-25', 4, 201, 3, 'Disponible', 'ISF'),
(616, 0, '2018-08-25', 5, 201, 3, 'Disponible', 'ISF'),
(617, 0, '2018-08-25', 6, 201, 3, 'Disponible', 'ISF'),
(618, 0, '2018-08-25', 7, 201, 3, 'Disponible', 'ISF'),
(619, 0, '2018-08-25', 8, 201, 3, 'Disponible', 'ISF'),
(620, 0, '2018-08-25', 9, 201, 3, 'Disponible', 'ISF'),
(621, 0, '2018-08-25', 10, 201, 3, 'Disponible', 'ISF'),
(622, 0, '2018-08-25', 11, 201, 3, 'Disponible', 'ISF'),
(623, 0, '2018-08-25', 12, 201, 3, 'Disponible', 'ISF'),
(624, 0, '2018-08-25', 13, 201, 3, 'Disponible', 'ISF'),
(625, 0, '2018-08-27', 1, 201, 3, 'Disponible', 'ISF'),
(626, 0, '2018-08-27', 2, 201, 3, 'Disponible', 'ISF'),
(627, 0, '2018-08-27', 3, 201, 3, 'Disponible', 'ISF'),
(628, 52821520, '2018-08-27', 4, 201, 3, 'MATE2015 ', 'ISF'),
(629, 52821520, '2018-08-27', 5, 201, 3, 'MATE2015 ', 'ISF'),
(630, 52821520, '2018-08-27', 6, 201, 3, 'MATE2015 ', 'ISF'),
(631, 0, '2018-08-27', 7, 201, 3, 'IDIO0001', 'ISF'),
(632, 0, '2018-08-27', 8, 201, 3, 'IDIO0001', 'ISF'),
(633, 0, '2018-08-27', 9, 201, 3, 'IDIO0001', 'ISF'),
(634, 0, '2018-08-27', 10, 201, 3, 'SOFT1056 ', 'ISF'),
(635, 0, '2018-08-27', 11, 201, 3, 'SOFT1056 ', 'ISF'),
(636, 0, '2018-08-27', 12, 201, 3, 'SOFT1056 ', 'ISF'),
(637, 0, '2018-08-27', 13, 201, 3, 'Disponible', 'ISF'),
(638, 52780171, '2018-08-28', 1, 201, 3, 'SOFT1065 ', 'ISF'),
(639, 52780171, '2018-08-28', 2, 201, 3, 'SOFT1065 ', 'ISF'),
(640, 52780171, '2018-08-28', 3, 201, 3, 'SOFT1065 ', 'ISF'),
(641, 79460550, '2018-08-28', 4, 201, 3, 'MARK1110 ', 'ISF'),
(642, 79460550, '2018-08-28', 5, 201, 3, 'MARK1110 ', 'ISF'),
(643, 79460550, '2018-08-28', 6, 201, 3, 'MARK1110 ', 'ISF'),
(644, 0, '2018-08-28', 7, 201, 3, 'MATE2040 ', 'ISF'),
(645, 0, '2018-08-28', 8, 201, 3, 'MATE2040 ', 'ISF'),
(646, 0, '2018-08-28', 9, 201, 3, 'MATE2040 ', 'ISF'),
(647, 0, '2018-08-28', 10, 201, 3, 'Disponible', 'ISF'),
(648, 0, '2018-08-28', 11, 201, 3, 'Disponible', 'ISF'),
(649, 0, '2018-08-28', 12, 201, 3, 'Disponible', 'ISF'),
(650, 0, '2018-08-28', 13, 201, 3, 'Disponible', 'ISF'),
(651, 1026257764, '2018-08-29', 1, 201, 3, 'SOFT1070 ', 'ISF'),
(652, 1026257764, '2018-08-29', 2, 201, 3, 'SOFT1070 ', 'ISF'),
(653, 1026257764, '2018-08-29', 3, 201, 3, 'SOFT1070 ', 'ISF'),
(654, 1026255076, '2018-08-29', 4, 201, 3, 'SOFT1040 ', 'ISF'),
(655, 1026255076, '2018-08-29', 5, 201, 3, 'SOFT1040 ', 'ISF'),
(656, 1026255076, '2018-08-29', 6, 201, 3, 'SOFT1040 ', 'ISF'),
(657, 0, '2018-08-29', 7, 201, 3, 'Disponible', 'ISF'),
(658, 0, '2018-08-29', 8, 201, 3, 'Disponible', 'ISF'),
(659, 0, '2018-08-29', 9, 201, 3, 'Disponible', 'ISF'),
(660, 0, '2018-08-29', 10, 201, 3, 'SOFT1075 ', 'ISF'),
(661, 0, '2018-08-29', 11, 201, 3, 'SOFT1075 ', 'ISF'),
(662, 0, '2018-08-29', 12, 201, 3, 'SOFT1075 ', 'ISF'),
(663, 0, '2018-08-29', 13, 201, 3, 'Disponible', 'ISF'),
(664, 0, '2018-08-30', 1, 201, 3, 'SOFT1056 ', 'ISF'),
(665, 0, '2018-08-30', 2, 201, 3, 'SOFT1056 ', 'ISF'),
(666, 0, '2018-08-30', 3, 201, 3, 'SOFT1056 ', 'ISF'),
(667, 93358308, '2018-08-30', 4, 201, 3, 'DER1120 ', 'ISF'),
(668, 93358308, '2018-08-30', 5, 201, 3, 'DER1120 ', 'ISF'),
(669, 93358308, '2018-08-30', 6, 201, 3, 'DER1120 ', 'ISF'),
(670, 0, '2018-08-30', 7, 201, 3, 'IDIO0001', 'ISF'),
(671, 0, '2018-08-30', 8, 201, 3, 'IDIO0001', 'ISF'),
(672, 0, '2018-08-30', 9, 201, 3, 'IDIO0001', 'ISF'),
(673, 0, '2018-08-30', 10, 201, 3, 'Disponible', 'ISF'),
(674, 0, '2018-08-30', 11, 201, 3, 'Disponible', 'ISF'),
(675, 0, '2018-08-30', 12, 201, 3, 'Disponible', 'ISF'),
(676, 0, '2018-08-30', 13, 201, 3, 'Disponible', 'ISF'),
(677, 79652946, '2018-08-31', 1, 201, 3, 'HUMA1255 ', 'ISF'),
(678, 79652946, '2018-08-31', 2, 201, 3, 'HUMA1255 ', 'ISF'),
(679, 79652946, '2018-08-31', 3, 201, 3, 'HUMA1255 ', 'ISF'),
(680, 0, '2018-08-31', 4, 201, 3, 'MATE2040 ', 'ISF'),
(681, 0, '2018-08-31', 5, 201, 3, 'MATE2040 ', 'ISF'),
(682, 0, '2018-08-31', 6, 201, 3, 'MATE2040 ', 'ISF'),
(683, 1, '2018-08-31', 7, 201, 3, 'Bienestar', 'ISF'),
(684, 1, '2018-08-31', 8, 201, 3, 'Bienestar', 'ISF'),
(685, 1, '2018-08-31', 9, 201, 3, 'Bienestar', 'ISF'),
(686, 0, '2018-08-31', 10, 201, 3, 'Disponible', 'ISF'),
(687, 0, '2018-08-31', 11, 201, 3, 'Disponible', 'ISF'),
(688, 0, '2018-08-31', 12, 201, 3, 'Disponible', 'ISF'),
(689, 0, '2018-08-31', 13, 201, 3, 'Disponible', 'ISF'),
(690, 0, '2018-09-01', 1, 201, 3, 'Disponible', 'ISF'),
(691, 0, '2018-09-01', 2, 201, 3, 'Disponible', 'ISF'),
(692, 0, '2018-09-01', 3, 201, 3, 'Disponible', 'ISF'),
(693, 0, '2018-09-01', 4, 201, 3, 'Disponible', 'ISF'),
(694, 0, '2018-09-01', 5, 201, 3, 'Disponible', 'ISF'),
(695, 0, '2018-09-01', 6, 201, 3, 'Disponible', 'ISF'),
(696, 0, '2018-09-01', 7, 201, 3, 'Disponible', 'ISF'),
(697, 0, '2018-09-01', 8, 201, 3, 'Disponible', 'ISF'),
(698, 0, '2018-09-01', 9, 201, 3, 'Disponible', 'ISF'),
(699, 0, '2018-09-01', 10, 201, 3, 'Disponible', 'ISF'),
(700, 0, '2018-09-01', 11, 201, 3, 'Disponible', 'ISF'),
(701, 0, '2018-09-01', 12, 201, 3, 'Disponible', 'ISF'),
(702, 0, '2018-09-01', 13, 201, 3, 'Disponible', 'ISF'),
(703, 0, '2018-09-03', 1, 201, 3, 'Disponible', 'ISF'),
(704, 0, '2018-09-03', 2, 201, 3, 'Disponible', 'ISF'),
(705, 0, '2018-09-03', 3, 201, 3, 'Disponible', 'ISF'),
(706, 52821520, '2018-09-03', 4, 201, 3, 'MATE2015 ', 'ISF'),
(707, 52821520, '2018-09-03', 5, 201, 3, 'MATE2015 ', 'ISF'),
(708, 52821520, '2018-09-03', 6, 201, 3, 'MATE2015 ', 'ISF'),
(709, 0, '2018-09-03', 7, 201, 3, 'IDIO0001', 'ISF'),
(710, 0, '2018-09-03', 8, 201, 3, 'IDIO0001', 'ISF'),
(711, 0, '2018-09-03', 9, 201, 3, 'IDIO0001', 'ISF'),
(712, 0, '2018-09-03', 10, 201, 3, 'SOFT1056 ', 'ISF'),
(713, 0, '2018-09-03', 11, 201, 3, 'SOFT1056 ', 'ISF'),
(714, 0, '2018-09-03', 12, 201, 3, 'SOFT1056 ', 'ISF'),
(715, 0, '2018-09-03', 13, 201, 3, 'Disponible', 'ISF'),
(716, 52780171, '2018-09-04', 1, 201, 3, 'SOFT1065 ', 'ISF'),
(717, 52780171, '2018-09-04', 2, 201, 3, 'SOFT1065 ', 'ISF'),
(718, 52780171, '2018-09-04', 3, 201, 3, 'SOFT1065 ', 'ISF'),
(719, 79460550, '2018-09-04', 4, 201, 3, 'MARK1110 ', 'ISF'),
(720, 79460550, '2018-09-04', 5, 201, 3, 'MARK1110 ', 'ISF'),
(721, 79460550, '2018-09-04', 6, 201, 3, 'MARK1110 ', 'ISF'),
(722, 0, '2018-09-04', 7, 201, 3, 'MATE2040 ', 'ISF'),
(723, 0, '2018-09-04', 8, 201, 3, 'MATE2040 ', 'ISF'),
(724, 0, '2018-09-04', 9, 201, 3, 'MATE2040 ', 'ISF'),
(725, 0, '2018-09-04', 10, 201, 3, 'Disponible', 'ISF'),
(726, 0, '2018-09-04', 11, 201, 3, 'Disponible', 'ISF'),
(727, 0, '2018-09-04', 12, 201, 3, 'Disponible', 'ISF'),
(728, 0, '2018-09-04', 13, 201, 3, 'Disponible', 'ISF'),
(729, 1026257764, '2018-09-05', 1, 201, 3, 'SOFT1070 ', 'ISF'),
(730, 1026257764, '2018-09-05', 2, 201, 3, 'SOFT1070 ', 'ISF'),
(731, 1026257764, '2018-09-05', 3, 201, 3, 'SOFT1070 ', 'ISF'),
(732, 1026255076, '2018-09-05', 4, 201, 3, 'SOFT1040 ', 'ISF'),
(733, 1026255076, '2018-09-05', 5, 201, 3, 'SOFT1040 ', 'ISF'),
(734, 1026255076, '2018-09-05', 6, 201, 3, 'SOFT1040 ', 'ISF'),
(735, 0, '2018-09-05', 7, 201, 3, 'Disponible', 'ISF'),
(736, 0, '2018-09-05', 8, 201, 3, 'Disponible', 'ISF'),
(737, 0, '2018-09-05', 9, 201, 3, 'Disponible', 'ISF'),
(738, 0, '2018-09-05', 10, 201, 3, 'SOFT1075 ', 'ISF'),
(739, 0, '2018-09-05', 11, 201, 3, 'SOFT1075 ', 'ISF'),
(740, 0, '2018-09-05', 12, 201, 3, 'SOFT1075 ', 'ISF'),
(741, 0, '2018-09-05', 13, 201, 3, 'Disponible', 'ISF'),
(742, 0, '2018-09-06', 1, 201, 3, 'SOFT1056 ', 'ISF'),
(743, 0, '2018-09-06', 2, 201, 3, 'SOFT1056 ', 'ISF'),
(744, 0, '2018-09-06', 3, 201, 3, 'SOFT1056 ', 'ISF'),
(745, 93358308, '2018-09-06', 4, 201, 3, 'DER1120 ', 'ISF'),
(746, 93358308, '2018-09-06', 5, 201, 3, 'DER1120 ', 'ISF'),
(747, 93358308, '2018-09-06', 6, 201, 3, 'DER1120 ', 'ISF'),
(748, 0, '2018-09-06', 7, 201, 3, 'IDIO0001', 'ISF'),
(749, 0, '2018-09-06', 8, 201, 3, 'IDIO0001', 'ISF'),
(750, 0, '2018-09-06', 9, 201, 3, 'IDIO0001', 'ISF'),
(751, 0, '2018-09-06', 10, 201, 3, 'Disponible', 'ISF'),
(752, 0, '2018-09-06', 11, 201, 3, 'Disponible', 'ISF'),
(753, 0, '2018-09-06', 12, 201, 3, 'Disponible', 'ISF'),
(754, 0, '2018-09-06', 13, 201, 3, 'Disponible', 'ISF'),
(755, 79652946, '2018-09-07', 1, 201, 3, 'HUMA1255 ', 'ISF'),
(756, 79652946, '2018-09-07', 2, 201, 3, 'HUMA1255 ', 'ISF'),
(757, 79652946, '2018-09-07', 3, 201, 3, 'HUMA1255 ', 'ISF'),
(758, 0, '2018-09-07', 4, 201, 3, 'MATE2040 ', 'ISF'),
(759, 0, '2018-09-07', 5, 201, 3, 'MATE2040 ', 'ISF'),
(760, 0, '2018-09-07', 6, 201, 3, 'MATE2040 ', 'ISF'),
(761, 1, '2018-09-07', 7, 201, 3, 'Bienestar', 'ISF'),
(762, 1, '2018-09-07', 8, 201, 3, 'Bienestar', 'ISF'),
(763, 1, '2018-09-07', 9, 201, 3, 'Bienestar', 'ISF'),
(764, 0, '2018-09-07', 10, 201, 3, 'Disponible', 'ISF'),
(765, 0, '2018-09-07', 11, 201, 3, 'Disponible', 'ISF'),
(766, 0, '2018-09-07', 12, 201, 3, 'Disponible', 'ISF'),
(767, 0, '2018-09-07', 13, 201, 3, 'Disponible', 'ISF'),
(768, 0, '2018-09-08', 1, 201, 3, 'Disponible', 'ISF'),
(769, 0, '2018-09-08', 2, 201, 3, 'Disponible', 'ISF'),
(770, 0, '2018-09-08', 3, 201, 3, 'Disponible', 'ISF'),
(771, 0, '2018-09-08', 4, 201, 3, 'Disponible', 'ISF'),
(772, 0, '2018-09-08', 5, 201, 3, 'Disponible', 'ISF'),
(773, 0, '2018-09-08', 6, 201, 3, 'Disponible', 'ISF'),
(774, 0, '2018-09-08', 7, 201, 3, 'Disponible', 'ISF'),
(775, 0, '2018-09-08', 8, 201, 3, 'Disponible', 'ISF'),
(776, 0, '2018-09-08', 9, 201, 3, 'Disponible', 'ISF'),
(777, 0, '2018-09-08', 10, 201, 3, 'Disponible', 'ISF'),
(778, 0, '2018-09-08', 11, 201, 3, 'Disponible', 'ISF'),
(779, 0, '2018-09-08', 12, 201, 3, 'Disponible', 'ISF'),
(780, 0, '2018-09-08', 13, 201, 3, 'Disponible', 'ISF'),
(781, 0, '2018-09-10', 1, 201, 3, 'Disponible', 'ISF'),
(782, 0, '2018-09-10', 2, 201, 3, 'Disponible', 'ISF'),
(783, 0, '2018-09-10', 3, 201, 3, 'Disponible', 'ISF'),
(784, 52821520, '2018-09-10', 4, 201, 3, 'MATE2015 ', 'ISF'),
(785, 52821520, '2018-09-10', 5, 201, 3, 'MATE2015 ', 'ISF'),
(786, 52821520, '2018-09-10', 6, 201, 3, 'MATE2015 ', 'ISF'),
(787, 0, '2018-09-10', 7, 201, 3, 'IDIO0001', 'ISF'),
(788, 0, '2018-09-10', 8, 201, 3, 'IDIO0001', 'ISF'),
(789, 0, '2018-09-10', 9, 201, 3, 'IDIO0001', 'ISF'),
(790, 0, '2018-09-10', 10, 201, 3, 'SOFT1056 ', 'ISF'),
(791, 0, '2018-09-10', 11, 201, 3, 'SOFT1056 ', 'ISF'),
(792, 0, '2018-09-10', 12, 201, 3, 'SOFT1056 ', 'ISF'),
(793, 0, '2018-09-10', 13, 201, 3, 'Disponible', 'ISF'),
(794, 52780171, '2018-09-11', 1, 201, 3, 'SOFT1065 ', 'ISF'),
(795, 52780171, '2018-09-11', 2, 201, 3, 'SOFT1065 ', 'ISF'),
(796, 52780171, '2018-09-11', 3, 201, 3, 'SOFT1065 ', 'ISF'),
(797, 79460550, '2018-09-11', 4, 201, 3, 'MARK1110 ', 'ISF'),
(798, 79460550, '2018-09-11', 5, 201, 3, 'MARK1110 ', 'ISF'),
(799, 79460550, '2018-09-11', 6, 201, 3, 'MARK1110 ', 'ISF'),
(800, 0, '2018-09-11', 7, 201, 3, 'IDIO0001', 'ISF'),
(801, 0, '2018-09-11', 8, 201, 3, 'IDIO0001', 'ISF'),
(802, 0, '2018-09-11', 9, 201, 3, 'IDIO0001', 'ISF'),
(803, 0, '2018-09-11', 10, 201, 3, 'Disponible', 'ISF'),
(804, 0, '2018-09-11', 11, 201, 3, 'Disponible', 'ISF'),
(805, 0, '2018-09-11', 12, 201, 3, 'Disponible', 'ISF'),
(806, 0, '2018-09-11', 13, 201, 3, 'Disponible', 'ISF'),
(807, 1026257764, '2018-09-12', 1, 201, 3, 'SOFT1070 ', 'ISF'),
(808, 1026257764, '2018-09-12', 2, 201, 3, 'SOFT1070 ', 'ISF'),
(809, 1026257764, '2018-09-12', 3, 201, 3, 'SOFT1070 ', 'ISF'),
(810, 1026255076, '2018-09-12', 4, 201, 3, 'SOFT1040 ', 'ISF'),
(811, 1026255076, '2018-09-12', 5, 201, 3, 'SOFT1040 ', 'ISF'),
(812, 1026255076, '2018-09-12', 6, 201, 3, 'SOFT1040 ', 'ISF'),
(813, 0, '2018-09-12', 7, 201, 3, 'Disponible', 'ISF'),
(814, 0, '2018-09-12', 8, 201, 3, 'Disponible', 'ISF'),
(815, 0, '2018-09-12', 9, 201, 3, 'Disponible', 'ISF'),
(816, 0, '2018-09-12', 10, 201, 3, 'SOFT1075 ', 'ISF'),
(817, 0, '2018-09-12', 11, 201, 3, 'SOFT1075 ', 'ISF'),
(818, 0, '2018-09-12', 12, 201, 3, 'SOFT1075 ', 'ISF'),
(819, 0, '2018-09-12', 13, 201, 3, 'Disponible', 'ISF'),
(820, 0, '2018-09-13', 1, 201, 3, 'SOFT1056 ', 'ISF'),
(821, 0, '2018-09-13', 2, 201, 3, 'SOFT1056 ', 'ISF'),
(822, 0, '2018-09-13', 3, 201, 3, 'SOFT1056 ', 'ISF'),
(823, 93358308, '2018-09-13', 4, 201, 3, 'DER1120 ', 'ISF'),
(824, 93358308, '2018-09-13', 5, 201, 3, 'DER1120 ', 'ISF'),
(825, 93358308, '2018-09-13', 6, 201, 3, 'DER1120 ', 'ISF'),
(826, 0, '2018-09-13', 7, 201, 3, 'IDIO0001', 'ISF'),
(827, 0, '2018-09-13', 8, 201, 3, 'IDIO0001', 'ISF'),
(828, 0, '2018-09-13', 9, 201, 3, 'IDIO0001', 'ISF'),
(829, 0, '2018-09-13', 10, 201, 3, 'Disponible', 'ISF'),
(830, 0, '2018-09-13', 11, 201, 3, 'Disponible', 'ISF'),
(831, 0, '2018-09-13', 12, 201, 3, 'Disponible', 'ISF'),
(832, 0, '2018-09-13', 13, 201, 3, 'Disponible', 'ISF'),
(833, 79652946, '2018-09-14', 1, 201, 3, 'HUMA1255 ', 'ISF'),
(834, 79652946, '2018-09-14', 2, 201, 3, 'HUMA1255 ', 'ISF'),
(835, 79652946, '2018-09-14', 3, 201, 3, 'HUMA1255 ', 'ISF'),
(836, 0, '2018-09-14', 4, 201, 3, 'MATE2040 ', 'ISF'),
(837, 0, '2018-09-14', 5, 201, 3, 'MATE2040 ', 'ISF'),
(838, 0, '2018-09-14', 6, 201, 3, 'MATE2040 ', 'ISF'),
(839, 1, '2018-09-14', 7, 201, 3, 'Bienestar', 'ISF'),
(840, 1, '2018-09-14', 8, 201, 3, 'Bienestar', 'ISF'),
(841, 1, '2018-09-14', 9, 201, 3, 'Bienestar', 'ISF'),
(842, 0, '2018-09-14', 10, 201, 3, 'Disponible', 'ISF'),
(843, 0, '2018-09-14', 11, 201, 3, 'Disponible', 'ISF'),
(844, 0, '2018-09-14', 12, 201, 3, 'Disponible', 'ISF'),
(845, 0, '2018-09-14', 13, 201, 3, 'Disponible', 'ISF'),
(846, 0, '2018-09-15', 1, 201, 3, 'Disponible', 'ISF'),
(847, 0, '2018-09-15', 2, 201, 3, 'Disponible', 'ISF'),
(848, 0, '2018-09-15', 3, 201, 3, 'Disponible', 'ISF'),
(849, 0, '2018-09-15', 4, 201, 3, 'Disponible', 'ISF'),
(850, 0, '2018-09-15', 5, 201, 3, 'Disponible', 'ISF'),
(851, 0, '2018-09-15', 6, 201, 3, 'Disponible', 'ISF'),
(852, 0, '2018-09-15', 7, 201, 3, 'Disponible', 'ISF'),
(853, 0, '2018-09-15', 8, 201, 3, 'Disponible', 'ISF'),
(854, 0, '2018-09-15', 9, 201, 3, 'Disponible', 'ISF'),
(855, 0, '2018-09-15', 10, 201, 3, 'Disponible', 'ISF'),
(856, 0, '2018-09-15', 11, 201, 3, 'Disponible', 'ISF'),
(857, 0, '2018-09-15', 12, 201, 3, 'Disponible', 'ISF'),
(858, 0, '2018-09-15', 13, 201, 3, 'Disponible', 'ISF'),
(859, 0, '2018-09-17', 1, 201, 3, 'Disponible', 'ISF'),
(860, 0, '2018-09-17', 2, 201, 3, 'Disponible', 'ISF'),
(861, 0, '2018-09-17', 3, 201, 3, 'Disponible', 'ISF'),
(862, 52821520, '2018-09-17', 4, 201, 3, 'MATE2015 ', 'ISF'),
(863, 52821520, '2018-09-17', 5, 201, 3, 'MATE2015 ', 'ISF'),
(864, 52821520, '2018-09-17', 6, 201, 3, 'MATE2015 ', 'ISF'),
(865, 0, '2018-09-17', 7, 201, 3, 'IDIO0001', 'ISF'),
(866, 0, '2018-09-17', 8, 201, 3, 'IDIO0001', 'ISF'),
(867, 0, '2018-09-17', 9, 201, 3, 'IDIO0001', 'ISF'),
(868, 0, '2018-09-17', 10, 201, 3, 'SOFT1056 ', 'ISF'),
(869, 0, '2018-09-17', 11, 201, 3, 'SOFT1056 ', 'ISF'),
(870, 0, '2018-09-17', 12, 201, 3, 'SOFT1056 ', 'ISF'),
(871, 0, '2018-09-17', 13, 201, 3, 'Disponible', 'ISF'),
(872, 52780171, '2018-09-18', 1, 201, 3, 'SOFT1065 ', 'ISF'),
(873, 52780171, '2018-09-18', 2, 201, 3, 'SOFT1065 ', 'ISF'),
(874, 52780171, '2018-09-18', 3, 201, 3, 'SOFT1065 ', 'ISF'),
(875, 79460550, '2018-09-18', 4, 201, 3, 'MARK1110 ', 'ISF'),
(876, 79460550, '2018-09-18', 5, 201, 3, 'MARK1110 ', 'ISF'),
(877, 79460550, '2018-09-18', 6, 201, 3, 'MARK1110 ', 'ISF'),
(878, 0, '2018-09-18', 7, 201, 3, 'MATE2040 ', 'ISF'),
(879, 0, '2018-09-18', 8, 201, 3, 'MATE2040 ', 'ISF'),
(880, 0, '2018-09-18', 9, 201, 3, 'MATE2040 ', 'ISF'),
(881, 0, '2018-09-18', 10, 201, 3, 'Disponible', 'ISF'),
(882, 0, '2018-09-18', 11, 201, 3, 'Disponible', 'ISF'),
(883, 0, '2018-09-18', 12, 201, 3, 'Disponible', 'ISF'),
(884, 0, '2018-09-18', 13, 201, 3, 'Disponible', 'ISF'),
(885, 0, '2018-09-19', 1, 201, 3, 'Disponible', 'ISF'),
(886, 0, '2018-09-19', 2, 201, 3, 'Disponible', 'ISF'),
(887, 0, '2018-09-19', 3, 201, 3, 'Disponible', 'ISF'),
(888, 0, '2018-09-19', 4, 201, 3, 'Disponible', 'ISF'),
(889, 0, '2018-09-19', 5, 201, 3, 'Disponible', 'ISF'),
(890, 0, '2018-09-19', 6, 201, 3, 'Disponible', 'ISF'),
(891, 0, '2018-09-19', 7, 201, 3, 'Disponible', 'ISF'),
(892, 0, '2018-09-19', 8, 201, 3, 'Disponible', 'ISF'),
(893, 0, '2018-09-19', 9, 201, 3, 'Disponible', 'ISF'),
(894, 0, '2018-09-19', 10, 201, 3, 'Disponible', 'ISF'),
(895, 0, '2018-09-19', 11, 201, 3, 'Disponible', 'ISF'),
(896, 0, '2018-09-19', 12, 201, 3, 'Disponible', 'ISF'),
(897, 0, '2018-09-19', 13, 201, 3, 'Disponible', 'ISF'),
(898, 0, '2018-09-20', 1, 201, 3, 'Disponible', 'ISF'),
(899, 0, '2018-09-20', 2, 201, 3, 'Disponible', 'ISF'),
(900, 0, '2018-09-20', 3, 201, 3, 'SOFT1056 ', 'ISF'),
(901, 0, '2018-09-20', 4, 201, 3, 'Disponible', 'ISF'),
(902, 0, '2018-09-20', 5, 201, 3, 'Disponible', 'ISF');
INSERT INTO `horario` (`cod_horario`, `cod_docente`, `fecha`, `cod_bloque`, `salon`, `promo`, `cod_asignatura`, `cod_programa`) VALUES
(903, 0, '2018-09-20', 6, 201, 3, 'Disponible', 'ISF'),
(904, 0, '2018-09-20', 7, 201, 3, 'IDIO0001', 'ISF'),
(905, 0, '2018-09-20', 8, 201, 3, 'IDIO0001', 'ISF'),
(906, 0, '2018-09-20', 9, 201, 3, 'IDIO0001', 'ISF'),
(907, 52821520, '2018-09-20', 10, 201, 3, 'MATE2015 ', 'ISF'),
(908, 52821520, '2018-09-20', 11, 201, 3, 'MATE2015 ', 'ISF'),
(909, 52821520, '2018-09-20', 12, 201, 3, 'MATE2015 ', 'ISF'),
(910, 0, '2018-09-20', 13, 201, 3, 'Disponible', 'ISF'),
(911, 79652946, '2018-09-21', 1, 201, 3, 'HUMA1255 ', 'ISF'),
(912, 79652946, '2018-09-21', 2, 201, 3, 'HUMA1255 ', 'ISF'),
(913, 79652946, '2018-09-21', 3, 201, 3, 'HUMA1255 ', 'ISF'),
(914, 0, '2018-09-21', 4, 201, 3, 'MATE2040 ', 'ISF'),
(915, 0, '2018-09-21', 5, 201, 3, 'MATE2040 ', 'ISF'),
(916, 0, '2018-09-21', 6, 201, 3, 'MATE2040 ', 'ISF'),
(917, 1, '2018-09-21', 7, 201, 3, 'Bienestar', 'ISF'),
(918, 1, '2018-09-21', 8, 201, 3, 'Bienestar', 'ISF'),
(919, 1, '2018-09-21', 9, 201, 3, 'Bienestar', 'ISF'),
(920, 0, '2018-09-21', 10, 201, 3, 'Disponible', 'ISF'),
(921, 0, '2018-09-21', 11, 201, 3, 'Disponible', 'ISF'),
(922, 0, '2018-09-21', 12, 201, 3, 'Disponible', 'ISF'),
(923, 0, '2018-09-21', 13, 201, 3, 'Disponible', 'ISF'),
(924, 0, '2018-09-22', 1, 201, 3, 'Disponible', 'ISF'),
(925, 0, '2018-09-22', 2, 201, 3, 'Disponible', 'ISF'),
(926, 0, '2018-09-22', 3, 201, 3, 'Disponible', 'ISF'),
(927, 0, '2018-09-22', 4, 201, 3, 'Disponible', 'ISF'),
(928, 0, '2018-09-22', 5, 201, 3, 'Disponible', 'ISF'),
(929, 0, '2018-09-22', 6, 201, 3, 'Disponible', 'ISF'),
(930, 0, '2018-09-22', 7, 201, 3, 'Disponible', 'ISF'),
(931, 0, '2018-09-22', 8, 201, 3, 'Disponible', 'ISF'),
(932, 0, '2018-09-22', 9, 201, 3, 'Disponible', 'ISF'),
(933, 0, '2018-09-22', 10, 201, 3, 'Disponible', 'ISF'),
(934, 0, '2018-09-22', 11, 201, 3, 'Disponible', 'ISF'),
(935, 0, '2018-09-22', 12, 201, 3, 'Disponible', 'ISF'),
(936, 0, '2018-09-22', 13, 201, 3, 'Disponible', 'ISF');

-- --------------------------------------------------------

--
-- Estructura de tabla para la tabla `programa`
--

CREATE TABLE IF NOT EXISTS `programa` (
  `cod_programa` varchar(10) NOT NULL,
  `nomprograma` varchar(100) NOT NULL,
  PRIMARY KEY (`cod_programa`)
) ENGINE=InnoDB DEFAULT CHARSET=latin1;

--
-- Volcado de datos para la tabla `programa`
--

INSERT INTO `programa` (`cod_programa`, `nomprograma`) VALUES
('ISF', 'Ingeniería Software');

-- --------------------------------------------------------

--
-- Estructura de tabla para la tabla `usuario`
--

CREATE TABLE IF NOT EXISTS `usuario` (
  `cod_usuario` int(10) NOT NULL,
  `nom_usuario` varchar(100) NOT NULL,
  `identificacion` varchar(15) NOT NULL,
  `correo` varchar(100) NOT NULL,
  `password` varchar(40) NOT NULL DEFAULT '123456',
  `promo` int(3) DEFAULT NULL,
  `tipo` int(11) NOT NULL,
  `semestre` int(2) DEFAULT NULL,
  `cod_programa` varchar(10) DEFAULT NULL,
  PRIMARY KEY (`cod_usuario`),
  UNIQUE KEY `correo_UNIQUE` (`correo`),
  KEY `fk_usuario_programa1_idx` (`cod_programa`)
) ENGINE=InnoDB DEFAULT CHARSET=latin1;

--
-- Volcado de datos para la tabla `usuario`
--

INSERT INTO `usuario` (`cod_usuario`, `nom_usuario`, `identificacion`, `correo`, `password`, `promo`, `tipo`, `semestre`, `cod_programa`) VALUES
(0, 'Disponible', '0', '0', '0', NULL, 0, NULL, NULL),
(1, 'Bienestar', '1', '-', '123456', NULL, 0, NULL, NULL),
(52780171, 'Carlos Gonzales', '52780171', 'cgonzales@uniempresarial.edu.co', '123456', NULL, 0, NULL, NULL),
(52821520, 'Carla Valderrama', '52821520', 'cvalderrama@uniempresarial.edu.co', '123456', NULL, 0, NULL, NULL),
(79460550, 'Edison Rivera', '79460550', 'erivera@uniempresarial.edu.co', '123456', NULL, 0, NULL, NULL),
(79652946, 'Felipe Pava', '79652946', 'fpava@uniempresarial.edu.co', '123456', NULL, 0, NULL, NULL),
(93358308, 'Fernando Bulla', '93358308', 'fbulla@uniempresarial.edu.co', '123456', NULL, 0, NULL, NULL),
(100010064, 'Julio Castillo', '95441124', 'jcastillo@uniempresarial.edu.co', '123456', NULL, 0, NULL, NULL),
(100010065, 'Laura Herran', '1012401308', 'lherran@uniempresarial.edu.co', '123456', NULL, 0, NULL, NULL),
(100010066, 'Hader Andrés Rivera García', '1012411216', 'hrivera@ue.edu.co', '123456', 3, 1, 4, 'ISF'),
(1026255076, 'Laura Rodriguez', '1026255076', 'lrodriguez@uniempresarial.edu.co', '123456', NULL, 0, NULL, NULL),
(1026257764, 'Ana Gonzales', '1026257764', 'agonzales@uniempresarial.edu.co', '123456', NULL, 0, NULL, NULL);

--
-- Restricciones para tablas volcadas
--

--
-- Filtros para la tabla `asignatura`
--
ALTER TABLE `asignatura`
  ADD CONSTRAINT `fk_asignatura_programa1` FOREIGN KEY (`cod_programa`) REFERENCES `programa` (`cod_programa`) ON DELETE NO ACTION ON UPDATE NO ACTION;

--
-- Filtros para la tabla `horario`
--
ALTER TABLE `horario`
  ADD CONSTRAINT `fk_horario_asignatura1` FOREIGN KEY (`cod_asignatura`, `cod_programa`) REFERENCES `asignatura` (`cod_asignatura`, `cod_programa`) ON DELETE NO ACTION ON UPDATE NO ACTION,
  ADD CONSTRAINT `fk_horario_bloque1` FOREIGN KEY (`cod_bloque`) REFERENCES `bloque` (`cod_bloque`) ON DELETE NO ACTION ON UPDATE NO ACTION,
  ADD CONSTRAINT `fk_horario_docente1` FOREIGN KEY (`cod_docente`) REFERENCES `usuario` (`cod_usuario`) ON DELETE NO ACTION ON UPDATE NO ACTION;

--
-- Filtros para la tabla `usuario`
--
ALTER TABLE `usuario`
  ADD CONSTRAINT `fk_usuario_programa1` FOREIGN KEY (`cod_programa`) REFERENCES `programa` (`cod_programa`) ON DELETE NO ACTION ON UPDATE NO ACTION;

/*!40101 SET CHARACTER_SET_CLIENT=@OLD_CHARACTER_SET_CLIENT */;
/*!40101 SET CHARACTER_SET_RESULTS=@OLD_CHARACTER_SET_RESULTS */;
/*!40101 SET COLLATION_CONNECTION=@OLD_COLLATION_CONNECTION */;
